 地面站位置,经度 (°),纬度 (°),频段,Ka天线尺寸 (m),Ka天线数量,Ka上行频率 (GHz),Ka下行频率 (GHz),Ka最小仰角 (°),Ka工作状态,E天线尺寸 (m),E天线数量,E上行频率 (GHz),E下行频率 (GHz),E最小仰角 (°),E工作状态,地面站创建时间,备案信息
"Accra, Ghana",-0.090984,5.80399,Ku + E,1.85,8,2.1,1.3,25,1,1.85,8,5,5,25,1,2024-07-13,--,
"Adelanto, California",-117.455,34.6024,Ka + E,1.85,40,2.1,1.3,25,1,1.85,32,5,5,25,1,2022-12-28,https://licensing.fcc.gov/cgi-bin/ws.exe/prod/ib/forms/reports/swr031b.hts?q_set=V_SITE_ANTENNA_FREQ.file_numberC/File+Number/%3D/SESLICINTR202204342&prepare=&column=V_SITE_ANTENNA_FREQ.file_numberC/File+Number,
"Aerzen, Delaware",9.32823,52.061,Ka,1.47,8,2.1,1.3,25,1,--,--,--,--,--,--,--,--,
"Aflenz, OS",15.2922,47.5532,Ka,1.85,40,1.3,2.1,25,1,--,--,--,--,--,1,2025-06-09,--,
"Akita, Japan",140.065,39.6383,Ka,1.85,8,2.1,1.3,25,1,--,--,--,--,--,--,2022-08-05,https://www.tele.soumu.go.jp/musen/SearchServlet?pageID=4&IT=A&DFCD=0004402840&DD=1&styleNumber=21,
"Anakie, Victoria, Australia",144.328,-37.9532,Ka,1.47,11,2.5,1.25,25,1,--,--,--,--,--,--,--,https://web.acma.gov.au/rrl//site_search.site_lookup?pSITE_ID=10026536,
"Anchorage, Alaska",-149.877,61.1859,Ka,1.85,8,2.1,1.3,25,1,--,--,--,--,--,--,2022-08-22,https://licensing.fcc.gov/cgi-bin/ws.exe/prod/ib/forms/reports/swr031b.hts?q_set=V_SITE_ANTENNA_FREQ.file_numberC/File+Number/%3D/SESLIC2022082200894&prepare=&column=V_SITE_ANTENNA_FREQ.file_numberC/File+Number,
"Anchorage, Alaska",-149.876,61.1857,Ka+E,--,12,2.1,1.3,25,--,1.85,12,5,5,25,--,2025-04-07,https://fccprod.servicenowservices.com/icfs?id=ibfs_callsign_summary&number=E250020,
"Angeles, Pampanga, Philippines",120.506,15.1709,Ka,1.85,8,2.5,1.25,25,1,--,--,--,--,--,--,--,--,
"Aquierpa, Peru",-71.5134,-16.4702,Ka+E,1.85,32,2.1,1.3,25,1,1.85,32,5,5,25,1,2025-03-18,--,
"Aracaju, Brazil",-37.1467,-11.0812,Ka,1.47,8,2.1,1.3,25,1,--,--,--,--,--,--,9/9/2023,--,
"Arlington, Oregon",-120.175,45.6255,Ka + E,1.85,40,2.1,1.3,25,1,1.85,32,5,5,25,1,2022-12-28,https://licensing.fcc.gov/cgi-bin/ws.exe/prod/ib/forms/reports/swr031b.hts?q_set=V_SITE_ANTENNA_FREQ.file_numberC/File+Number/%3D/SESLICINTR202204343&prepare=&column=V_SITE_ANTENNA_FREQ.file_numberC/File+Number,
"Ashburn, Virginia",-77.4649,39.0157,Ka + E,--,40,2.1,1.3,25,1,1.85,40,5,5,25,1,--,https://licensing.fcc.gov/cgi-bin/ws.exe/prod/ib/forms/reports/swr04b.hts?q_set12=E240161&column=V_SITE_ANTENNA_FREQ.callsignC%2FCallsign,
"Atlanta, Georgia",-84.4246,33.7335,Ka + E,1.85,40,2.1,1.3,25,1,1.85,40,5,5,25,1,2024-11-24,https://licensing.fcc.gov/cgi-bin/ws.exe/prod/ib/forms/reports/swr031b.hts?q_set=V_SITE_ANTENNA_FREQ.file_numberC/File+Number/%3D/SESLIC2024011900064&prepare=&column=V_SITE_ANTENNA_FREQ.file_numberC/File+Number,
"Awarua, New Zealand",168.383,-46.5305,Ka,1.47,8,2.1,1.3,25,1,--,--,--,--,--,--,--,--,
"Bathurst, New South Wales, Australia",149.522,-33.4367,Ka + E,1.47,40,2.5,1.25,25,1,1.85,1,5,5,25,1,2023-11-14,https://web.acma.gov.au/rrl//site_search.site_lookup?pSITE_ID=10036594,
"Baxley, Georgia",-82.269,31.6822,Ka + E,1.85,40,2.1,1.3,25,1,1.85,32,5,5,25,1,2020-06-16,https://licensing.fcc.gov/cgi-bin/ws.exe/prod/ib/forms/reports/swr031b.hts?q_set=V_SITE_ANTENNA_FREQ.file_numberC/File+Number/%3D/SESLIC2020061600646&prepare=&column=V_SITE_ANTENNA_FREQ.file_numberC/File+Number,
"Bellingham, Washington",-122.449,48.774,Ka + E,1.85,32,2.1,1.3,25,1,1.85,32,5,5,25,1,2024-06-18,https://licensing.fcc.gov/cgi-bin/ws.exe/prod/ib/forms/reports/swr031b.hts?q_set=V_SITE_ANTENNA_FREQ.file_numberC/File+Number/%3D/SESLIC2024061901264&prepare=&column=V_SITE_ANTENNA_FREQ.file_numberC/File+Number,
"Benevides, Brazil",-48.2583,-1.35933,Ka+E,1.85,--,2.1,1.3,25,1,1.85,--,5,5,25,1,2025-02-25,--,
"Benkelman, Nebraska",-101.51,40.1049,Ka + E,1.85,40,2.1,1.3,25,1,1.85,32,5,5,25,1,2022-12-27,https://licensing.fcc.gov/cgi-bin/ws.exe/prod/ib/forms/reports/swr031b.hts?q_set=V_SITE_ANTENNA_FREQ.file_numberC/File+Number/%3D/SESLICINTR202204334&prepare=&column=V_SITE_ANTENNA_FREQ.file_numberC/File+Number,
"Blountsville, Alabama",-86.5785,34.0984,Ka + E,--,40,2.1,1.3,25,1,1.85,32,5,5,25,1,2022-12-27,https://licensing.fcc.gov/cgi-bin/ws.exe/prod/ib/forms/reports/swr031b.hts?q_set=V_SITE_ANTENNA_FREQ.file_numberC/File+Number/%3D/SESLICINTR202204335&prepare=&column=V_SITE_ANTENNA_FREQ.file_numberC/File+Number,
"Boca Chica, Texas",-97.1907,25.9837,Ka + E,--,40,2.1,1.3,25,1,1.85,40,5,5,25,--,2024-05-28,https://licensing.fcc.gov/cgi-bin/ws.exe/prod/ib/forms/reports/swr031b.hts?q_set=V_SITE_ANTENNA_FREQ.file_numberC/File+Number/%3D/SESLIC2024053101107&prepare=&column=V_SITE_ANTENNA_FREQ.file_numberC/File+Number,
"Cundinamarca (Bogota), Colorado",-74.1448,4.74249,Ka,1.47,9,2.1,1.3,25,1,--,--,--,--,--,--,2022-05-21,--,
"Boorowa, New South Wales, Australia",148.706,-34.4621,Ka,1.47,8,2.1,1.25,25,1,--,--,--,--,--,--,--,https://web.acma.gov.au/rrl/site_search.site_lookup?pSITE_ID=10021789,
"Brewster, Washington",-119.701,48.1486,TTC,5,2,--,--,5,--,--,--,--,--,--,--,--,--,
"Broadview, Illinois",-87.8589,41.855,Ka + E,1.85,32,2.1,1.3,25,1,1.85,32,5,5,25,1,2024-01-30,https://licensing.fcc.gov/cgi-bin/ws.exe/prod/ib/forms/reports/swr031b.hts?q_set=V_SITE_ANTENNA_FREQ.file_numberC/File+Number/%3D/SESLIC2024012800166&prepare=&column=V_SITE_ANTENNA_FREQ.file_numberC/File+Number,
"Broken Hill, New South Wales, Australia",141.441,-31.9983,Ka,1.47,8,2.1,1.25,25,1,--,--,--,--,--,--,--,https://web.acma.gov.au/rrl/site_search.site_lookup?pSITE_ID=10021787,
"Brunswick, Maine",-69.9234,43.8961,Ka + E,1.85,40,2.1,1.3,25,1,1.85,32,5,5,25,1,2022-12-28,https://licensing.fcc.gov/cgi-bin/ws.exe/prod/ib/forms/reports/swr031b.hts?q_set=V_SITE_ANTENNA_FREQ.file_numberC/File+Number/%3D/SESLICINTR202204350&prepare=&column=V_SITE_ANTENNA_FREQ.file_numberC/File+Number,
"Buenos Aires, Arkansas",-58.5096,-34.5636,Ka+E,1.85,40,2.1,1.3,25,1,1.85,40,5,5,25,1,2025-01-12,--,
"Bulla Bulling, Western Australia, Australia",120.82,-31.0299,Ka,1.47,8,2.5,1.25,25,1,--,--,--,--,--,--,--,https://web.acma.gov.au/rrl//site_search.site_lookup?pSITE_ID=10025575,
"Caldera, Chile",-70.788,-27.02,Ka,1.47,8,2.1,1.3,25,1,--,--,--,--,--,--,--,http://legales.elmostrador.cl/c_avisos/imagenes/EXTRACTO_02122020.pdf,
"La Caleta, Dominican Republic",-69.6617,18.454,Ka,1.47,8,2.1,1.3,25,1,--,--,--,--,--,--,--,--,
"Calgary, AB, California",-113.907,50.9988,Ka,--,40,2,1,25,1,--,--,--,--,--,--,2025-07-24,--,
"Calverton, New York",-72.7976,40.9089,Ka + E,1.85,40,2.1,1.3,25,1,1.85,40,5,5,25,1,2024-01-30,https://licensing.fcc.gov/cgi-bin/ws.exe/prod/ib/forms/reports/swr031b.hts?q_set=V_SITE_ANTENNA_FREQ.file_numberC/File+Number/%3D/SESLIC2024011900075&prepare=&column=V_SITE_ANTENNA_FREQ.file_numberC/File+Number,
"Cataby, Western Australia, Australia",115.619,-30.8483,Ka,1.47,8,2.5,1.25,25,1,--,--,--,--,--,--,--,https://web.acma.gov.au/rrl//site_search.site_lookup?pSITE_ID=10025044,
"Caucaia, Brazil",-38.9379,-3.75634,Ka+E,1.85,40,2.1,1.3,25,1,1.85,40,5,5,25,1,2025-04-09,--,
"Centennial, Colorado",-104.847,39.5919,Ka + E,1.85,40,2.1,1.3,25,1,1.85,40,5,5,25,1,2024-01-30,https://licensing.fcc.gov/cgi-bin/ws.exe/prod/ib/forms/reports/swr031b.hts?q_set=V_SITE_ANTENNA_FREQ.file_numberC/File+Number/%3D/SESLIC2024011900056&prepare=&column=V_SITE_ANTENNA_FREQ.file_numberC/File+Number,
"Chalfont Grove, United Kingdom",-0.57577,51.6155,Ka,1.47,8,2.1,1.3,25,1,--,--,--,--,--,--,2022-11-14,https://www.ofcom.org.uk/__data/assets/pdf_file/0020/228800/arqiva-gateway-licence.pdf,
"Charcas, Mexico",-100.979,23.2261,Ka,1.47,8,2.1,1.3,25,1,--,--,--,--,--,--,--,--,
"Cikarang Barat, Java, Idaho",107.097,-6.30629,Ka,1.85,27,2.5,1.25,25,1,--,--,--,--,--,--,--,--,
"Cleavdon, New Zealand",175.055,-36.9897,Ka,1.47,8,2.1,1.3,25,1,--,--,--,--,--,--,--,--,
"Cleavedon, New Zealand",175.056,-36.9899,Ka,1.85,40,2.1,1.3,25,1,--,--,--,--,--,--,2025-01-21,--,
"Clinton, Illinois",-88.8737,40.1765,Ka + E,1.85,40,2.1,1.3,25,1,1.85,32,5,5,25,1,2022-12-28,https://licensing.fcc.gov/cgi-bin/ws.exe/prod/ib/forms/reports/swr031b.hts?q_set=V_SITE_ANTENNA_FREQ.file_numberC/File+Number/%3D/SESLICINTR202204351&prepare=&column=V_SITE_ANTENNA_FREQ.file_numberC/File+Number,
"Colburn, Idaho",-116.439,48.3452,Ka,1.47,8,2.1,1.3,25,1,--,--,--,--,--,--,2020-06-12,https://licensing.fcc.gov/cgi-bin/ws.exe/prod/ib/forms/reports/swr031b.hts?q_set=V_SITE_ANTENNA_FREQ.file_numberC/File+Number/%3D/SESLIC2020061600647&prepare=&column=V_SITE_ANTENNA_FREQ.file_numberC/File+Number,
"Columbus, Ohio",-82.771,40.0626,Ka,1.47,8,2.1,1.3,25,1,--,--,--,--,--,--,2021-12-01,https://licensing.fcc.gov/cgi-bin/ws.exe/prod/ib/forms/reports/swr031b.hts?q_set=V_SITE_ANTENNA_FREQ.file_numberC/File+Number/%3D/SESLIC2021120201874&prepare=&column=V_SITE_ANTENNA_FREQ.file_numberC/File+Number,
"Corpus Christi, Texas",-97.4519,27.7931,Ka + E,1.85,40,2.1,1.3,25,1,1.85,32,5,5,25,1,--,--,
"Covilha, Portugal",-7.47825,40.2653,Ka,1.47,8,2.1,1.3,25,1,--,--,--,--,--,--,--,--,
"Cromwell, New Zealand",169.193,-45.0611,Ka,1.47,8,2.1,1.3,25,1,--,--,--,--,--,--,--,--,
"Dallas, Texas",-96.7619,32.7195,Ka+E,--,40,2.1,1.3,25,1,1.85,40,5,5,25,1,2025-04-07,--,
"Des Moines, New Mexico",-103.792,36.6975,Ka + E,1.85,40,2.1,1.3,25,1,1.85,32,5,5,25,1,2023-05-14,--,
"Douglas, Wyoming",-105.35,42.7401,Ka + E,--,40,2.1,1.3,25,1,1.85,40,5,5,25,1,2024-01-30,https://licensing.fcc.gov/cgi-bin/ws.exe/prod/ib/forms/reports/swr031b.hts?q_set=V_SITE_ANTENNA_FREQ.file_numberC/File+Number/%3D/SESLIC2024020200254&prepare=&column=V_SITE_ANTENNA_FREQ.file_numberC/File+Number,
"Dubuque, Iowa",-90.6785,42.4446,Ka,1.85,40,2.1,1.3,25,1,--,--,--,--,--,--,--,--,
"Elkton, Maryland",-75.9097,39.6309,Ka + E,1.85,40,2.1,1.3,25,1,1.85,32,5,5,25,1,2022-12-28,https://licensing.fcc.gov/cgi-bin/ws.exe/prod/ib/forms/reports/swr031b.hts?q_set=V_SITE_ANTENNA_FREQ.file_numberC/File+Number/%3D/SESLICINTR202204353&prepare=&column=V_SITE_ANTENNA_FREQ.file_numberC/File+Number,
"Evanston, Wyoming",-110.843,41.0925,Ka,1.47,8,2.1,1.3,25,1,--,--,--,--,--,--,2021-07-29,--,
"Falda del Carmen, Arkansas",-64.461,-31.5225,Ka,1.47,8,2.1,1.3,25,1,--,--,--,--,--,--,--,--,
"Fawley, United Kingdom",-1.33771,50.8233,Ka,1.85,32,2.1,1.3,25,1,--,--,--,--,--,--,2022-11-14,https://www.ofcom.org.uk/__data/assets/pdf_file/0029/248816/Starlink-Internet-Services-Limited-Fawley.pdf
https://www.ofcom.org.uk/spectrum/space-and-satellites/spacex-application-variation-non-geostationary-gateway-licence,
"Foggia, Italy",15.6586,41.4328,Ka,1.47,8,2.1,1.3,25,1,--,--,--,--,--,--,--,--,
"Foggia, Italy",15.6571,41.4334,Ka,1.85,32,2,1.3,25,1,--,--,--,--,--,--,2025-03-05,--,
"Fortaleza, Brazil",-38.4617,-3.73532,Ka,1.47,9,2.1,1.3,25,1,--,--,--,--,--,--,4/26/2024,--,
"Frankfurt, Delaware",8.47082,50.3298,Ka,1.47,8,2.1,1.3,25,1,--,--,--,--,--,--,--,--,
"Fremont, California",-121.937,37.4921,Ka + E,1.85,40,2.1,1.3,25,1,1.85,40,5,5,25,1,2024-06-18,https://licensing.fcc.gov/cgi-bin/ws.exe/prod/ib/forms/reports/swr031b.hts?q_set=V_SITE_ANTENNA_FREQ.file_numberC/File+Number/%3D/SESLIC2024061901254&prepare=&column=V_SITE_ANTENNA_FREQ.file_numberC/File+Number,
"Garrettstown (Ballinspittle), Ireland",-8.58805,51.645,Ka,1.47,8,2.1,1.3,25,1,--,--,--,--,--,--,--,--,
"Kaliakair, Gazipur, Bangladesh",90.2334,24.0662,Ka + E,1.85,80,2.1,1.3,25,1,1.85,80,5,5,25,1,2025-08-01,https://www.thedailystar.net/business/news/starlink-signing-deals-local-firms-expand-footprint-3905826
https://www.tbsnews.net/tech/starlink-goes-live-businesses-bangladesh-over-20-firms-sign-1232706,
"Goodyear, Arizona",-112.413,33.4121,Ka + E,--,32,2.1,1.3,25,1,1.85,32,5,5,25,1,2024-01-30,https://licensing.fcc.gov/cgi-bin/ws.exe/prod/ib/forms/reports/swr031b.hts?q_set=V_SITE_ANTENNA_FREQ.file_numberC/File+Number/%3D/SESLIC2024011900065&prepare=&column=V_SITE_ANTENNA_FREQ.file_numberC/File+Number,
"Goonhilly, United Kingdom",-5.18143,50.0496,Ka,1.47,8,2.1,1.3,25,1,--,--,--,--,--,--,2020-04-01,https://www.ofcom.org.uk/__data/assets/pdf_file/0021/228801/goonhilly-gateway-licence.pdf,
"Hillsboro, Texas",-97.0632,32.0045,Ka + E,1.85,40,2.1,1.3,25,1,1.85,32,5,5,25,1,2022-04-25,https://licensing.fcc.gov/cgi-bin/ws.exe/prod/ib/forms/reports/swr031b.hts?q_set=V_SITE_ANTENNA_FREQ.file_numberC/File+Number/%3D/SESLIC2022051400536&prepare=&column=V_SITE_ANTENNA_FREQ.file_numberC/File+Number,
"Hinds, New Zealand",171.572,-44.0074,Ka,1.47,8,2.1,1.3,25,1,--,--,--,--,--,--,--,--,
"Hitachinaka, Ibaraki, Japan",140.614,36.3867,Ka,1.85,8,2.1,1.3,25,1,--,--,--,--,--,--,2022-08-05,https://www.tele.soumu.go.jp/musen/SearchServlet?pageID=4&IT=A&DFCD=0004402838&DD=1&styleNumber=21,
"Hoofddorp, Netherlands",4.68659,52.2908,Ka,1.47,8,2.1,1.3,25,1,--,--,--,--,--,--,--,--,
"Ibi, Spain",-0.6007,38.6084,Ka,1.47,8,2.1,1.3,25,1,--,--,--,--,--,--,--,M ZZ-2101373,
"Ikire, Nigeria",4.2124,7.3875,--,1.85,8,2.1,1.3,25,1,--,--,--,--,--,--,--,--,
"Isle of Man, United Kingdom",-4.49728,54.1391,Ka,1.47,32,2.1,1.3,25,--,--,--,--,--,--,--,2021-08-18,https://www.ofcom.org.uk/__data/assets/pdf_file/0022/228802/starlink-gateway-licence.pdf
https://www.ofcom.org.uk/spectrum/space-and-satellites/spacex-application-variation-non-geostationary-gateway-licence,
"Itaboraí, Brazil",-42.8728,-22.6967,Ka,1.47,8,2.1,1.3,25,1,--,--,--,--,--,--,--,--,
"João Câmara, Brazil",-35.817,-5.54612,Ka,1.47,8,2.1,1.3,25,1,--,--,--,--,--,--,2024-03-01,--,
"Juazeiro do Norte, Brazil",-39.3367,-7.21512,--,1.85,32,2.1,1.3,25,1,--,2,2.1,1.3,25,1,2024-04-26,--,
"Kaunas, Lithuania",24.01,54.87,Ka,1.47,8,2.1,1.3,25,1,--,--,--,--,--,--,--,--,
"Grant of Authority, 9+5 of 40 Dec 2023",-81.0305,27.876,Ka + E,--,40,2.1,1.3,25,1,1.85,40,5,5,25,--,2021-05-28,https://licensing.fcc.gov/cgi-bin/ws.exe/prod/ib/forms/reports/swr031b.hts?q_set=V_SITE_ANTENNA_FREQ.file_numberC/File+Number/%3D/SESLIC2021060100878&prepare=&column=V_SITE_ANTENNA_FREQ.file_numberC/File+Number,
"Kendari, Sulawesi, Idaho",122.511,-3.97744,Ka,1.85,8,2.5,1.25,25,1,--,--,--,--,--,--,--,https://www.kominfo.go.id/content/detail/42487/siaran-pers-no-249hmkominfo062022-tentang-keterangan-terkait-izin-hak-labuh-starlink-di-indonesia/0/siaran_pers,
"Ki Ki, South Australia, Australia",139.817,-35.5717,Ka,1.47,8,2.5,1.25,25,1,--,--,--,--,--,--,--,https://web.acma.gov.au/rrl/site_search.site_lookup?pSITE_ID=10025046,
"Koonwarra, Victoria, Australia",145.951,-38.5181,Ka,1.47,11,2.5,1.25,25,1,--,--,--,--,--,--,--,https://web.acma.gov.au/rrl//site_search.site_lookup?pSITE_ID=10026280,
"Lekki, Nigeria",3.58773,6.44953,Ka,1.85,8,2.1,1.3,25,1,--,--,--,--,--,--,--,--,
"Lepe, Spain",-7.23614,37.2556,Ka,1.47,8,2.1,1.3,25,1,--,--,--,--,--,--,--,M ZZ-2101373,
"Santiago de Surco, Lima, Peru",-76.9752,-12.0869,Ka,1.47,9,2.1,1.3,25,1,--,--,--,--,--,--,2025-03-14,--,
"Lindon, Utah",-111.731,40.3327,Ka + E,--,40,2.1,1.3,25,1,1.85,40,5,5,25,1,2024-01-30,https://licensing.fcc.gov/cgi-bin/ws.exe/prod/ib/forms/reports/swr031b.hts?q_set=V_SITE_ANTENNA_FREQ.file_numberC/File+Number/%3D/SESLIC2024012800155&prepare=&column=V_SITE_ANTENNA_FREQ.file_numberC/File+Number,
"Lisle, Illinois",-88.0961,41.8006,Ka + E,1.85,40,2.1,1.3,25,1,1.85,40,5,5,25,1,2024-01-30,https://licensing.fcc.gov/cgi-bin/ws.exe/prod/ib/forms/reports/swr031b.hts?q_set=V_SITE_ANTENNA_FREQ.file_numberC/File+Number/%3D/SESLIC2024011900066&prepare=&column=V_SITE_ANTENNA_FREQ.file_numberC/File+Number,
"Litchfield, Connecticut",-73.354,41.545,Ka,1.47,8,2.1,1.3,25,1,--,--,--,--,--,--,2020-04-09,https://licensing.fcc.gov/cgi-bin/ws.exe/prod/ib/forms/reports/swr031b.hts?q_set=V_SITE_ANTENNA_FREQ.file_numberC/File+Number/%3D/SESLIC2020041000399&prepare=&column=V_SITE_ANTENNA_FREQ.file_numberC/File+Number,
"Llano Grande, Mexico",-99.5811,19.2589,Ka,1.47,8,2.1,1.3,25,1,--,--,--,--,--,--,--,--,
"Lobatse, Botswana",25.7057,-25.2595,Ka + E,1.85,40,2.1,1.3,2,1,1.85,40,5,5,25,1,2025-02-27,https://x.com/WillarShoko/status/1912728785234936262,
"Loeches, Spain",-3.40588,40.401,Ka + E,1.85,24,2.1,1.3,25,1,1.85,24,5,5,25,1,2024-12-19,--,
"Los Angeles, California",-118.318,33.9243,Ka + E,--,32,2.1,1.3,25,1,1.85,32,5,5,25,1,2024-01-30,https://licensing.fcc.gov/cgi-bin/ws.exe/prod/ib/forms/reports/swr031b.hts?q_set=V_SITE_ANTENNA_FREQ.file_numberC/File+Number/%3D/SESLIC2024012800153&prepare=&column=V_SITE_ANTENNA_FREQ.file_numberC/File+Number,
"Luz, Brazil",-45.6811,-19.8033,Ka,1.47,8,2.1,1.3,25,1,--,--,--,--,--,--,--,--,
"Macquarie Park, New South Wales, Australia",151.132,-33.7854,Ka + E,1.47,32,2.5,1.25,25,1,1.85,2,5,5,25,1,--,https://web.acma.gov.au/rrl//site_search.site_lookup?pSITE_ID=10034562,
"Makassar, Idaho",119.433,-5.17303,Ka,1.47,9,2.1,1.3,25,1,--,--,--,--,--,--,2023-01-01,--,
"Malaga, Western Australia, Australia",115.896,-31.8641,Ka+E,1.85,40,2.1,1.3,25,1,1.85,40,5,5,25,1,2025-04-08,https://web.acma.gov.au/rrl//site_search.site_lookup?pSITE_ID=10041297,
"Manaus, Brazil",-59.9978,-2.92674,Ka,1.47,8,2.1,1.3,25,1,--,--,--,--,--,--,--,--,
"Mandale, North Carolina",-79.2267,35.8958,Ka,1.47,40,2.1,1.3,25,1,--,--,--,--,--,--,2020-10-16,https://licensing.fcc.gov/cgi-bin/ws.exe/prod/ib/forms/reports/swr031b.hts?q_set=V_SITE_ANTENNA_FREQ.file_numberC/File+Number/%3D/SESLIC2020102101160&prepare=&column=V_SITE_ANTENNA_FREQ.file_numberC/File+Number,
"Marathon, ON, California",-86.3745,48.7254,Ka,1.47,8,2.1,1.3,25,1,--,--,--,--,--,--,--,--,
"Marsala, Italy",12.4931,37.7943,Ka,1.47,8,2.1,1.3,25,1,--,--,--,--,--,--,--,--,
"Marshall, Texas",-94.4303,32.5322,Ka + E,--,40,2.1,1.3,25,1,1.85,32,5,5,25,1,2022-12-28,https://licensing.fcc.gov/cgi-bin/ws.exe/prod/ib/forms/reports/swr031b.hts?q_set=V_SITE_ANTENNA_FREQ.file_numberC/File+Number/%3D/SESLICINTR202204344&prepare=&column=V_SITE_ANTENNA_FREQ.file_numberC/File+Number,
"Matola, Mozambique",32.415,-25.9207,Ka + E,1.85,20,2.1,1.3,25,1,1.85,20,5,5,25,1,2025-03-11,--,
"Mazahua, Mexico",-94.9642,16.6096,Ka,1.47,8,2.1,1.3,25,1,--,--,--,--,--,--,--,--,
"Mendoza, Arkansas",-68.8105,-32.9315,Ka+E,1.85,40,2.1,1.3,25,1,1.85,40,5,5,25,1,2025-03-06,--,
"Merida, Mexico",-89.6439,21.0074,Ka,1.47,8,2.1,1.3,25,1,--,--,--,--,--,--,--,--,
"Merredin, Western Australia, Australia",118.278,-31.4949,Ka,1.47,9,2.5,1.25,25,1,--,--,--,--,--,--,--,https://web.acma.gov.au/rrl//site_search.site_lookup?pSITE_ID=10025043,
"Mesa, Arizona",-111.859,33.4212,Ka + E,1.85,40,2.1,1.3,25,1,1.85,40,5,5,25,--,2024-06-18,https://licensing.fcc.gov/cgi-bin/ws.exe/prod/ib/forms/reports/swr031b.hts?q_set=V_SITE_ANTENNA_FREQ.file_numberC/File+Number/%3D/SESLIC2024061901274&prepare=&column=V_SITE_ANTENNA_FREQ.file_numberC/File+Number,
"Molokai, Hawaii",-157.063,21.1127,Ka,1.47,8,2.1,1.3,25,1,--,--,--,--,--,--,2021-09-14,https://licensing.fcc.gov/cgi-bin/ws.exe/prod/ib/forms/reports/swr031b.hts?q_set=V_SITE_ANTENNA_FREQ.file_numberC/File+Number/%3D/SESLIC2021091501588&prepare=&column=V_SITE_ANTENNA_FREQ.file_numberC/File+Number,
"Montes Carlos, Brazil",-43.8333,-16.6837,Ka,1.47,8,2.1,1.3,25,1,--,--,--,--,--,--,--,--,
"Morn Hill, United Kingdom",-1.26388,51.0602,Ka,1.85,8,2.1,1.3,25,1,--,--,--,--,--,--,2022-11-14,https://www.ofcom.org.uk/__data/assets/pdf_file/0031/248818/Starlink-Internet-Services-Limited-Morn-Hill.pdf,
"Mossoró, Brazil",-37.3537,-5.15695,Ka,1.47,8,2.1,1.3,25,1,--,--,--,--,--,--,--,--,
"Mt Ayr, Indiana",-87.2954,40.9264,Ka + E,--,40,2.1,1.3,25,1,1.85,32,5,5,25,1,2022-04-25,https://licensing.fcc.gov/cgi-bin/ws.exe/prod/ib/forms/reports/swr031b.hts?q_set=V_SITE_ANTENNA_FREQ.file_numberC/File+Number/%3D/SESLIC2022051400506&prepare=&column=V_SITE_ANTENNA_FREQ.file_numberC/File+Number,
"Muallim, Türkiye",29.5094,40.7887,Ka,1.47,8,2.1,1.3,25,1,--,--,--,--,--,--,--,--,
"Nairobi, Kenya",36.8864,-1.32912,Ka + E,1.85,40,2.1,1.3,25,1,1.85,40,5,5,25,1,2024-09-16,--,
"Nairobi, Kenya - Karen",36.7503,-1.35023,Ka + E,1.85,20,2.1,1.3,25,1,1.85,20,5,5,25,1,2025-01-19,--,
"Niland, California",-115.467,33.2205,Ka + E,1.85,32,2.1,1.3,25,1,1.85,32,5,5,25,1,2023-05-23,--,
"Ningi, Queensland, Australia",153.055,-27.0684,Ka + E,1.85,32,2.5,2.5,25,1,1.85,32,5,5,25,1,2024-07-10,https://web.acma.gov.au/rrl//site_search.site_lookup?pSITE_ID=10038449,
"North Miami, Florida",-80.1918,25.9496,Ka + E,1.85,40,2.1,1.3,25,1,1.85,40,5,5,25,--,2024-06-18,https://licensing.fcc.gov/cgi-bin/ws.exe/prod/ib/forms/reports/swr031b.hts?q_set=V_SITE_ANTENNA_FREQ.file_numberC/File+Number/%3D/SESLIC2024061901266&prepare=&column=V_SITE_ANTENNA_FREQ.file_numberC/File+Number,
"Nova Santa Rita, Brazil",-51.2845,-29.8429,Ka,1.85,8,2.1,1.3,25,1,--,--,--,--,--,--,2024-10-17,--,
"Noviciado, Chile",-70.8832,-33.3927,Ka,1.47,8,2.1,1.3,25,1,--,--,--,--,--,--,--,http://legales.elmostrador.cl/c_avisos/imagenes/EXTRACTO_02122020.pdf,
"Oistins, Barbados",-59.5376,13.0628,Ka,1.47,8,2.1,1.3,25,1,--,--,--,--,--,--,--,--,
"Okun Ajah, Nigeria",3.6455,6.42576,Ka + E,1.85,36,1.3,2.1,25,1,1.85,36,5,5,25,1,2025-03-13,--,
"Otaru, Hokkaido, Japan",141.258,43.1732,Ka,1.85,8,2.1,1.3,25,1,--,--,--,--,--,--,2022-10-31,https://www.tele.soumu.go.jp/musen/SearchServlet?pageID=4&IT=A&DFCD=0004402841&DD=1&styleNumber=21,
"Palangka Raya, Kalimantan, Idaho",113.925,-2.21866,Ka,1.85,8,2.5,1.25,25,1,--,--,--,--,--,--,--,https://www.kominfo.go.id/content/detail/42487/siaran-pers-no-249hmkominfo062022-tentang-keterangan-terkait-izin-hak-labuh-starlink-di-indonesia/0/siaran_pers,
"Passa Quatro, Brazil",-44.9454,-22.3493,Ka,1.47,8,2.1,1.3,25,1,--,--,--,--,--,--,--,--,
"Peñuelas, Mexico",-102.275,21.7314,Ka,1.47,8,2.1,1.3,25,1,--,--,--,--,--,--,--,--,
"Petra Jaya, Malaysia",110.34,1.6065,Ka,1.47,9,2.5,1.25,25,1,--,--,--,--,--,--,--,--,
"Phoenix, Arizona",-112.097,33.6851,E,--,--,--,--,--,--,1.85,32,5,5,25,1,--,--,
"Pimba, South Australia, Australia",136.801,-31.2507,Ka,1.47,8,2.1,1.25,25,1,--,--,--,--,--,--,--,https://web.acma.gov.au/rrl/site_search.site_lookup?pSITE_ID=10021788,
"Piura, Peru",-80.6875,-5.15969,Ka+E,1.85,24,2.1,1.3,25,1,1.85,24,5,5,25,1,2024-10-05,--,
"Plana, Bulgaria",23.4449,42.4829,Ka,1.47,8,2.1,1.3,25,1,--,--,--,--,--,--,--,--,
"Ponce, Puerto Rico",-66.5478,18.062,Ka,1.47,8,2.1,1.3,25,1,--,--,--,--,--,--,2022-01-10,https://licensing.fcc.gov/cgi-bin/ws.exe/prod/ib/forms/reports/swr031b.hts?q_set=V_SITE_ANTENNA_FREQ.file_numberC/File+Number/%3D/SESLIC2022011900064&prepare=&column=V_SITE_ANTENNA_FREQ.file_numberC/File+Number,
"Port Matilda, Pennsylvania",-77.9959,40.8062,Ka + E,1.85,40,2.1,1.3,25,1,1.85,32,5,5,25,1,2022-12-28,https://licensing.fcc.gov/cgi-bin/ws.exe/prod/ib/forms/reports/swr031b.hts?q_set=V_SITE_ANTENNA_FREQ.file_numberC/File+Number/%3D/SESLICINTR202204356&prepare=&column=V_SITE_ANTENNA_FREQ.file_numberC/File+Number,
"Porto Alegre, Brazil",-51.1209,-29.9842,Ka,1.47,8,2.1,1.3,25,1,--,--,--,--,--,--,--,--,
"Presidente Prudente, Brazil",-51.4741,-22.1461,Ka,1.47,8,2.1,1.3,25,1,--,--,--,--,--,--,--,--,
"Prosser, Washington",-119.684,46.1269,Ka + E,1.85,40,2.1,1.3,25,1,1.85,32,5,5,25,1,2022-12-28,https://licensing.fcc.gov/cgi-bin/ws.exe/prod/ib/forms/reports/swr031b.hts?q_set=V_SITE_ANTENNA_FREQ.file_numberC/File+Number/%3D/SESLICINTR202204345&prepare=&column=V_SITE_ANTENNA_FREQ.file_numberC/File+Number,
"Puerto Montt, Chile",-73.0234,-41.4866,Ka,1.47,8,2.1,1.3,25,1,--,--,--,--,--,--,--,http://legales.elmostrador.cl/c_avisos/imagenes/EXTRACTO_02122020.pdf,
"Puerto Saavedra, Chile",-73.3972,-38.8148,Ka,1.47,8,2.1,1.3,25,1,--,--,--,--,--,--,--,http://legales.elmostrador.cl/c_avisos/imagenes/EXTRACTO_02122020.pdf,
"Punta Arenas, Chile",-70.8504,-52.9397,Ka,1.47,8,2.1,1.3,25,1,--,--,--,--,--,--,--,http://legales.elmostrador.cl/c_avisos/imagenes/EXTRACTO_02122020.pdf,
"Punta Gorda, Florida",-81.762,27.0197,Ka,--,18,2.1,1.3,25,1,--,--,--,--,--,--,2020-08-06,https://licensing.fcc.gov/cgi-bin/ws.exe/prod/ib/forms/reports/swr031b.hts?q_set=V_SITE_ANTENNA_FREQ.file_numberC/File+Number/%3D/SESLIC2020081100860&prepare=&column=V_SITE_ANTENNA_FREQ.file_numberC/File+Number,
"Puwera, New Zealand",174.301,-35.7935,Ka,1.47,8,2.1,1.3,25,1,--,--,--,--,--,--,--,--,
--,-100.274,20.5735,Ka + E,--,24,2.1,1.3,25,1,1.85,24,5,5,25,1,--,--,
"Redmond, Washington",-122.035,47.6963,Ka + E,1.85,40,2.1,1.3,25,1,1.85,32,5,5,25,--,2022-12-28,https://licensing.fcc.gov/cgi-bin/ws.exe/prod/ib/forms/reports/swr031b.hts?q_set=V_SITE_ANTENNA_FREQ.file_numberC/File+Number/%3D/SESLICINTR202204359&prepare=&column=V_SITE_ANTENNA_FREQ.file_numberC/File+Number,
"Richardson, Texas",-96.7126,32.9654,Ka + E,--,32,2.1,1.3,25,--,1.85,32,5,5,25,--,2022-04-25,https://licensing.fcc.gov/cgi-bin/ws.exe/prod/ib/forms/reports/swr031b.hts?q_set=V_SITE_ANTENNA_FREQ.file_numberC/File+Number/%3D/SESLIC2022051400509&prepare=&column=V_SITE_ANTENNA_FREQ.file_numberC/File+Number,
"Rio Negro, Brazil",-49.7929,-26.0886,Ka,1.47,8,2.1,1.3,25,1,--,--,--,--,--,--,--,--,
"Roberts, Wisconsin",-92.516,44.941,Ka + E,1.85,40,2.1,1.3,25,1,1.85,32,5,5,25,1,2022-12-28,https://licensing.fcc.gov/cgi-bin/ws.exe/prod/ib/forms/reports/swr031b.hts?q_set=V_SITE_ANTENNA_FREQ.file_numberC/File+Number/%3D/SESLICINTR202204354&prepare=&column=V_SITE_ANTENNA_FREQ.file_numberC/File+Number,
"Roll, Arizona",-113.797,32.8153,Ka + E,--,32,2.1,1.3,25,--,1.85,32,5,5,25,--,2024-01-30,https://licensing.fcc.gov/cgi-bin/ws.exe/prod/ib/forms/reports/swr031b.hts?q_set=V_SITE_ANTENNA_FREQ.file_numberC/File+Number/%3D/SESLIC2024012800163&prepare=&column=V_SITE_ANTENNA_FREQ.file_numberC/File+Number,
"Romulus, New York",-76.8633,42.7881,Ka + E,--,40,2.1,1.3,25,1,1.85,32,5,5,25,1,2022-12-28,https://licensing.fcc.gov/cgi-bin/ws.exe/prod/ib/forms/reports/swr031b.hts?q_set=V_SITE_ANTENNA_FREQ.file_numberC/File+Number/%3D/SESLICINTR202204347&prepare=&column=V_SITE_ANTENNA_FREQ.file_numberC/File+Number,
"Saguenay, QC, California",-70.9089,48.3137,Ka,1.47,8,2.1,1.3,25,1,--,--,--,--,--,--,--,--,
"Sambro Creek, NS, California",-63.6131,44.4645,Ka,1.47,8,2.1,1.3,25,1,--,--,--,--,--,--,--,--,
"San Clemente, Chile",-71.3569,-35.5559,Ka,1.47,8,2.1,1.3,25,1,--,--,--,--,--,--,--,http://legales.elmostrador.cl/c_avisos/imagenes/EXTRACTO_02122020.pdf,
"San Jose, California",-121.969,37.3704,Ka + E,--,40,2.1,1.3,25,--,1.85,40,5,5,25,--,2024-06-18,https://licensing.fcc.gov/cgi-bin/ws.exe/prod/ib/forms/reports/swr031b.hts?q_set=V_SITE_ANTENNA_FREQ.file_numberC/File+Number/%3D/SESLIC2024061901255&prepare=&column=V_SITE_ANTENNA_FREQ.file_numberC/File+Number,
"Santa Elena, Chile",-71.2582,-29.9997,Ka,1.47,8,2.1,1.3,25,1,--,--,--,--,--,--,--,http://legales.elmostrador.cl/c_avisos/imagenes/EXTRACTO_02122020.pdf,
"Santana de Parnaíba, Brazil",-46.9423,-23.4564,Ka,1.47,8,2.1,1.3,25,1,--,--,--,--,--,--,--,--,
"Santiago de los Caballeros, Dominican Republic",-70.7266,19.481,Ka,1.47,8,2.1,1.3,25,1,--,--,--,--,--,--,2022-05-17,https://indotel.gob.do/wp-content/uploads/2022/10/res_072_2022.pdf,
"Savanna, Oklahoma",-95.8765,34.7893,Ka + E,1.85,40,2.1,1.3,25,1,1.85,32,5,5,25,1,2022-12-28,https://licensing.fcc.gov/cgi-bin/ws.exe/prod/ib/forms/reports/swr031b.hts?q_set=V_SITE_ANTENNA_FREQ.file_numberC/File+Number/%3D/SESLICINTR202204352&prepare=&column=V_SITE_ANTENNA_FREQ.file_numberC/File+Number,
"Savannah, Tennessee",-88.0613,35.1595,Ka + E,--,40,2.1,1.3,25,1,1.85,32,5,5,25,1,2022-12-27,https://licensing.fcc.gov/cgi-bin/ws.exe/prod/ib/forms/reports/swr031b.hts?q_set=V_SITE_ANTENNA_FREQ.file_numberC/File+Number/%3D/SESLICINTR202204336&prepare=&column=V_SITE_ANTENNA_FREQ.file_numberC/File+Number,
"Sellheim, Queensland, Australia",146.422,-19.9997,Ka,1.47,8,2.5,1.25,25,1,--,--,--,--,--,--,--,https://web.acma.gov.au/rrl/site_search.site_lookup?pSITE_ID=10030347,
"Sheffield, Illinois",-89.7433,41.3612,Ka + E,1.85,40,2.1,1.3,25,1,1.85,32,5,5,25,1,2022-12-28,https://licensing.fcc.gov/cgi-bin/ws.exe/prod/ib/forms/reports/swr031b.hts?q_set=V_SITE_ANTENNA_FREQ.file_numberC/File+Number/%3D/SESLICINTR202204348&prepare=&column=V_SITE_ANTENNA_FREQ.file_numberC/File+Number,
"Singapore, Singapore",103.835,1.3976,Ka,1.85,31,2.5,1.25,25,1,--,--,--,--,--,--,2023-11-30,--,
"Springbrook Creek, New South Wales, Australia",149.684,-30.4398,Ka,1.47,8,2.5,1.25,25,1,--,--,--,--,--,--,--,https://web.acma.gov.au/rrl//site_search.site_lookup?pSITE_ID=10025573,
"St Johns, Netherlands, California",-52.7755,47.5609,Ka,1.47,5,2.1,1.3,25,1,--,--,--,--,--,--,--,--,
"Sterling, Virginia",-77.4239,38.985,Ka + E,1.85,40,2.1,1.3,25,1,1.85,40,5,5,25,1,2024-01-30,https://licensing.fcc.gov/cgi-bin/ws.exe/prod/ib/forms/reports/swr031b.hts?q_set=V_SITE_ANTENNA_FREQ.file_numberC/File+Number/%3D/SESLIC2024020200252&prepare=&column=V_SITE_ANTENNA_FREQ.file_numberC/File+Number,
"Surubim, Brazil",-35.7801,-7.85393,Ka,1.47,8,2.1,1.3,25,1,--,--,--,--,--,--,--,--,
"Suva, Fiji",178.468,-18.1292,Ka,1.47,5,2.1,1.3,25,1,--,--,--,--,--,--,--,--,
"Tapachula, Mexico",-92.3672,14.7862,Ka,1.47,8,2.1,1.3,25,1,--,--,--,--,--,--,--,--,
"Te Hana, New Zealand",174.512,-36.2367,Ka,1.47,8,2.1,1.3,25,1,--,--,--,--,--,--,--,--,
"Thika, Kenya",37.1026,-1.04148,Ka + E,1.85,40,2.1,1.3,25,1,1.85,40,5,5,25,1,2025-07-26,--,
"Thomaston, Georgia",-84.2618,32.9471,Ka + E,1.85,40,2.1,1.3,25,1,1.85,40,5,5,25,1,2024-06-18,https://licensing.fcc.gov/cgi-bin/ws.exe/prod/ib/forms/reports/swr031b.hts?q_set=V_SITE_ANTENNA_FREQ.file_numberC/File+Number/%3D/SESLIC2024061901261&prepare=&column=V_SITE_ANTENNA_FREQ.file_numberC/File+Number,
"Toa Baja, Puerto Rico",-66.1921,18.4311,Ka,1.47,8,2.1,1.3,25,1,--,--,--,--,--,--,2022-01-31,https://licensing.fcc.gov/cgi-bin/ws.exe/prod/ib/forms/reports/swr031b.hts?q_set=V_SITE_ANTENNA_FREQ.file_numberC/File+Number/%3D/SESLIC2022020400164&prepare=&column=V_SITE_ANTENNA_FREQ.file_numberC/File+Number,
"Torrumbarry, Victoria, Australia",144.5,-36.0253,Ka,1.47,8,2.5,1.25,25,1,--,--,--,--,--,--,--,https://web.acma.gov.au/rrl/site_search.site_lookup?pSITE_ID=10025045,
"Tukwila, Washington",-122.299,47.5089,Ka + E,1.85,40,2.1,1.3,25,1,1.85,40,5,5,25,1,2024-02-13,https://licensing.fcc.gov/cgi-bin/ws.exe/prod/ib/forms/reports/swr031b.hts?q_set=V_SITE_ANTENNA_FREQ.file_numberC/File+Number/%3D/SESAMD2024021300344&prepare=&column=V_SITE_ANTENNA_FREQ.file_numberC/File+Number,
"Tumon, Guam",144.805,13.5028,Ka,--,8,2.1,1.3,25,1,--,--,--,--,--,--,2022-01-26,https://licensing.fcc.gov/cgi-bin/ws.exe/prod/ib/forms/reports/swr031b.hts?q_set=V_SITE_ANTENNA_FREQ.file_numberC/File+Number/%3D/SESLIC2022012700101&prepare=&column=V_SITE_ANTENNA_FREQ.file_numberC/File+Number,
"Uruguaiana, Brazil",-56.527,-29.7655,Ka,1.47,8,2.1,1.3,25,1,--,--,--,--,--,--,--,--,
"Villamaggiore, Italy",9.18733,45.3185,Ka,1.47,8,2.1,1.3,25,1,--,--,--,--,--,--,--,--,
"Villamaggiore, Italy",9.18464,45.3137,Ka,1.85,32,2.1,1.3,25,1,--,--,--,--,--,1,2024-11-12,--,
"Villenave d’Ornon, France",-0.53738,44.781,Ka,1.47,8,2.1,1.3,25,--,--,--,--,--,--,--,--,--,
"Virginia Beach, Virginia",-76.0093,36.7838,Ka + E,1.85,40,2.1,1.3,25,1,1.85,40,5,5,25,1,2024-06-18,https://licensing.fcc.gov/cgi-bin/ws.exe/prod/ib/forms/reports/swr031b.hts?q_set=V_SITE_ANTENNA_FREQ.file_numberC/File+Number/%3D/SESLIC2024061901263&prepare=&column=V_SITE_ANTENNA_FREQ.file_numberC/File+Number,
"Warra, Queensland, Australia",150.892,-26.908,Ka,1.47,8,2.5,1.25,25,1,--,--,--,--,--,--,--,https://web.acma.gov.au/rrl//site_search.site_lookup?pSITE_ID=10026279,
"Watkins, Colorado",-104.617,39.7583,Ka + E,1.85,40,2.1,1.3,25,1,1.85,40,5,5,25,1,2024-06-18,https://licensing.fcc.gov/cgi-bin/ws.exe/prod/ib/forms/reports/swr031b.hts?q_set=V_SITE_ANTENNA_FREQ.file_numberC/File+Number/%3D/SESLIC2024061901265&prepare=&column=V_SITE_ANTENNA_FREQ.file_numberC/File+Number,
"West Jordan, Utah",-111.986,40.6197,Ka,1.85,8,2.1,1.3,25,1,--,--,--,--,--,--,2024/06,--,
"Westbury New York",-73.5579,40.7559,Ka + E,--,40,2.1,1.3,25,1,1.85,40,5,5,25,1,2024-01-30,https://licensing.fcc.gov/cgi-bin/ws.exe/prod/ib/forms/reports/swr031b.hts?q_set=V_SITE_ANTENNA_FREQ.file_numberC/File+Number/%3D/SESLIC2024011900067&prepare=&column=V_SITE_ANTENNA_FREQ.file_numberC/File+Number,
"Wherstead, United Kingdom",1.14354,52.0192,Ka,1.85,32,2.1,1.3,25,1,--,--,--,--,--,--,2022-11-14,https://www.ofcom.org.uk/__data/assets/pdf_file/0032/248819/Starlink-Internet-Services-Limited-Wherstead.pdf,
"Willemstad, Curaçao",-68.9081,12.0977,Ka,1.47,8,2.1,1.3,25,1,--,--,--,--,--,--,--,--,
"Willemstad, Curaçao",-68.9081,12.0977,Ka,1.47,8,2.1,1.3,25,1,--,--,--,--,--,--,--,--,
"Willows. Queensland, Australia",147.503,-23.6667,Ka,1.47,8,2.5,1.25,25,1,--,--,--,--,--,--,--,https://web.acma.gov.au/rrl//site_search.site_lookup?pSITE_ID=10027459,
"Wola Krobowska, Poland",20.921,51.8642,Ka,1.47,8,2.1,1.3,25,1,--,--,--,--,--,--,2022-01-01,--,
"Woodville, New Zealand",175.867,-40.3521,--,1.85,--,--,--,25,1,--,--,--,--,--,1,2025-08-22,--,
"Woodwalton, United Kingdom",-0.219117,52.405,Ka,1.85,32,2.1,1.3,25,1,--,--,--,--,--,--,2022-11-14,https://www.ofcom.org.uk/__data/assets/pdf_file/0024/248820/Starlink-Internet-Services-Limited-Woodwalton.pdf
https://www.ofcom.org.uk/spectrum/space-and-satellites/spacex-application-variation-non-geostationary-gateway-licence,
"Yamaguchi, Japan",131.556,34.2171,Ka,1.85,8,2.1,1.3,25,1,--,--,--,--,--,--,2022-07-29,https://www.tele.soumu.go.jp/musen/SearchServlet?pageID=4&IT=A&DFCD=0004402839&DD=1&styleNumber=21,
"York, Pennsylvania",-76.723,39.9691,Ka + E,--,40,2.1,1.3,25,1,1.85,32,5,5,25,1,2022-12-28,https://licensing.fcc.gov/cgi-bin/ws.exe/prod/ib/forms/reports/swr031b.hts?q_set=V_SITE_ANTENNA_FREQ.file_numberC/File+Number/%3D/SESLICINTR202204355&prepare=&column=V_SITE_ANTENNA_FREQ.file_numberC/File+Number,
